"relative_path","bytes","sha256"
".gitignore","432","8e6a839bd383e32cd71f559adacb7d5c8dbdf1703a7e33e0ddee25ed4d07dc8d"
"capture_tools/collect_stereo_dataset_interactive.py","32632","8d928e2c13154ff45ef2f70860025683ae909aad4d5df957862864fe3664e1ed"
"capture_tools/collect_stereo_dataset_pointcloud.py","25467","c56a298f73a2fa76b5c884bf3d20e151809393c9cf798d7d2851a94fb8ebe86c"
"capture_tools/collect_stereo_dataset.py","27283","1a397380de29e304bb39e88bfc313f17d560af2a095c10a454d8d27e12a1fe20"
"capture_tools/depth_to_pointcloud.py","19267","a22d7c2432914cdec61524f3cc50df393652e0866f3e1689f5978f6dacd989b7"
"capture_tools/README_collect_stereo_dataset_interactive.md","14726","5b3b5e6e5ac9a5014476162db23ec7a58bdff4ab67c7ca8aa7e7390ca24b47ab"
"docs/BACKUP_SCOPE.json","577","db7213f9c778ee493dbac3aa66a3738316b3aac798f9295fd2eb53fba05e87f5"
"docs/depthai_environment_lock.txt","1182","8820b11f8b817f467f5bc8a198bb1495ed16e5680f99fb706880c4bb717a834f"
"docs/fast_foundationstereo_environment_lock.txt","1745","21eb16585cb64897612d55cde9a645fb6d83bc9cd4f7aed101f72d4a85b44632"
"docs/README_collect_stereo_dataset_interactive.md","14726","5b3b5e6e5ac9a5014476162db23ec7a58bdff4ab67c7ca8aa7e7390ca24b47ab"
"docs/SOURCE_AND_SCOPE.md","1753","78288e5f1bc4594296e2e0eaf002510204981835a5a71001b287df625483788c"
"docs/system_info.txt","308","5d224e178712dccd9a4fb4f675c17621746d3b488a1bff21dc44159c8b02c70e"
"docs/THIRD_PARTY_NOTICES.md","259","ed6b5e3771f3000ea62c5ad38fbe216c28d463069cd9cf1c525570e9c2047fa3"
"docs/WEIGHTS_MANIFEST.md","450","d4fcea5ed675829558dcc7c9efb19936661b87a60f1e9f435ad389512f8035b3"
"fast_foundationstereo/.gitignore","171","f6686dee826551648cbc202ebbe7c092d4cb055ae74b4d2254c2789377f85dbe"
"fast_foundationstereo/core/__init__.py","0","e3b0c44298fc1c149afbf4c8996fb92427ae41e4649b934ca495991b7852b855"
"fast_foundationstereo/core/distill_block.py","1285","a43ae688f82b631455fdca217a8da0dc8ef17ca9de339252a73529cbde2fccb5"
"fast_foundationstereo/core/extractor.py","2772","36616e7bf82e967d46ba7c0acfc5489f571dbbc908fb78a5a32ada22bc78971d"
"fast_foundationstereo/core/foundation_stereo.py","21055","babfa6ef419ff0406c92227325902d7172bb6cdcccc66f265cfb53e53618f4e4"
"fast_foundationstereo/core/geometry.py","3664","78a8f57ac3bcd43c1664e1f7e08526fe18e6d0fb36318ad8d856f3fe3a256b62"
"fast_foundationstereo/core/submodule.py","25920","b871dd3d13d6c634633bdd84352a751f88b04138b57db879b7f9a6450501b7bf"
"fast_foundationstereo/core/update.py","4196","d68f2e81fe8b842f64850b6e47dc560f05a2ef286aa91171d2898ebc9478b107"
"fast_foundationstereo/core/utils/__init__.py","0","e3b0c44298fc1c149afbf4c8996fb92427ae41e4649b934ca495991b7852b855"
"fast_foundationstereo/core/utils/frame_utils.py","6472","479ff37bb28310b9344f31afb37125784ef987cdf99b2a8aaebbc50c846eb97d"
"fast_foundationstereo/core/utils/utils.py","4867","c06de2df763370280470cec2f634ac4c29ed683367c327b459c40033661d50db"
"fast_foundationstereo/cpp/app/build_single_engine.cpp","4244","ccd7a1618434259e765f4013522b0d06e05b6d7c7a5af36dadd377a5421ca6ea"
"fast_foundationstereo/cpp/app/main.cpp","12868","2e0b3baac41f96df325cccc40938a8c8396e185fa2e5f23c4bf38a20e6df8c6c"
"fast_foundationstereo/cpp/app/profile_speed.cpp","10191","7f606b089f2c8ef9e28ce260c49419fa2fb13472d827587ec8d94d80e20057be"
"fast_foundationstereo/cpp/CMakeLists.txt","4049","daade159a7e5fa28ba087e3bb6735703291da66a6bf91b28547174a56a3feadd"
"fast_foundationstereo/cpp/include/ffs_depth_single_tensorrt.hpp","2445","69f1bc9f6362b04aa13e9b24dfdfa59017f5c8d82890f06fc72346177fa26042"
"fast_foundationstereo/cpp/include/ffs_depth_tensorrt.hpp","8097","0a12205ee412153475d1e631739c3b2b5b875ce3bcf10ae2590cac45d50e34b8"
"fast_foundationstereo/cpp/include/ffs_gwc_plugin.hpp","323","a65835c2bb8e4ea86c3bbd686bb5e73af2e1a9ba3fd5dacc6f886f104967fc90"
"fast_foundationstereo/cpp/README.md","9833","85a6a826b0901f3387dd2b7ee8bbde81ea9b9a61d663f3da75d23860bb56ca35"
"fast_foundationstereo/cpp/src/depth_kernels.cu","13323","a993481554db04362b1ed3dfafabf188b8e44bf45d330b5dce936b83f0436f09"
"fast_foundationstereo/cpp/src/ffs_depth_single_tensorrt.cpp","13828","13a355e973aa5f99b6253dcd93a7fbcdb42d9df4ad7967f5decf7c4905e1534e"
"fast_foundationstereo/cpp/src/ffs_depth_tensorrt.cpp","18143","64e52025c68277f47f94f8b4cab1660da3107284e3598648dd240ff754d90e8e"
"fast_foundationstereo/cpp/src/gwc_volume_plugin.cpp","12173","041155969493e27b3a98483c6e2f4372508300a2b76f6a507c25dcbb40306e77"
"fast_foundationstereo/demo_data/K.txt","97","510c074b9258c85dc6833d6c7d39bc765c8a7969db7b519caa5a6042284765eb"
"fast_foundationstereo/demo_data/left.png","719499","f080f84d7b2e28ba110eea80f0504cad9390f2399d6ffde6cd1e668200c3ef48"
"fast_foundationstereo/demo_data/right.png","720073","337991aa0b35417ae64d6f66819522c233a4455eacfd34c9dc114ad569ec50f4"
"fast_foundationstereo/docker/dockerfile","2546","66abb59ca2b3f6315cd5118d0d5e6745374105a76e60d4909db9fced6eeb8e6b"
"fast_foundationstereo/docker/dockerfile_cpp","2970","e0176b1fcf70a0ddc260b178b158842d366d5555a1f645a607a8dc33d821ba68"
"fast_foundationstereo/docker/run_container.sh","356","1df967ebde681868b78b18d5589262afff8a7c53c15550ece8afe68bdf30b2fa"
"fast_foundationstereo/LICENSE.txt","4338","045b564ebafefaa863beec07c5acdcfa8d99cefbbd060c22865bc4613318ddd6"
"fast_foundationstereo/model_card.md","5941","604bee935908ad92e3b5c702dd0d6073895d5c1c7058e1b68d01fc8770c98b69"
"fast_foundationstereo/readme.md","15454","d6d1548ea9fa649aa632af7982a1c5f9f5fe29be4e1f6870a4933c34578259bb"
"fast_foundationstereo/requirements.txt","286","080550f3115f281c89ca40bd6ad6e2f743c39cfb3d202e3878a26e82b539190a"
"fast_foundationstereo/scripts/build_plugin_trt.py","5184","0779e9ef8bdf17ad810fed8a7056fa53c90a6ee62401695f6c58d457c9a60d3f"
"fast_foundationstereo/scripts/make_onnx.py","4456","edb6315f082a344c3b987597590203382c502f86011d73fc5fef17ec49523233"
"fast_foundationstereo/scripts/make_plugin_onnx.py","5870","e3146d8d50c6a0abe603bd028994390d7622c6f82a19582846c61d34c1f62dfd"
"fast_foundationstereo/scripts/make_single_onnx.py","8616","f9cc3c47266ad9c5d2c6649f3aab904f3df9edfe26cd17faa3b7557b4c07e169"
"fast_foundationstereo/scripts/profile_memory.py","3391","9889fd78b32855773a66c89945d8e3d04c5f689a16cd21f8de77ac093832bcfc"
"fast_foundationstereo/scripts/profile_speed_tensorrt.py","2922","cda2213d15e20016ee74a698ed27b5390d41b2a15fd264123690e0b682d53e02"
"fast_foundationstereo/scripts/profile_speed.py","2990","8d3fe237b62ca7e8c53d3bd3043b377d73ff7fd5657bfefd787713ac58de081c"
"fast_foundationstereo/scripts/run_demo_plugin_trt.py","14036","d7fe68b115ef5c884ba8426a67d1a8ce746bf94a274a4248a49ef703df4dd812"
"fast_foundationstereo/scripts/run_demo_pseudocolor.py","11061","ff7834a8cabcaa01e5e159b4293b5a50cdbb4dd2758dc73a5dea270c9110ae28"
"fast_foundationstereo/scripts/run_demo_single_trt.py","14726","e2f3055f10b583239cf4e7a4039f4be915cc5d675c9678319d9ad03705dbd958"
"fast_foundationstereo/scripts/run_demo_tensorrt.py","6051","e27b1ad577e3386163177f347d10c38950a3171e1b789cc6117ab2dfe0f5c621"
"fast_foundationstereo/scripts/run_demo.py","6597","c8885986196c8d2e6af958a773c0470a317b62576c775ddbe26ce6cb2a6c3996"
"fast_foundationstereo/Utils.py","2620","c721680c6092943cb12e7735d934b967f26477dcf346e73e777e3d0c8b8ab6ae"
"fast_foundationstereo/weights/23-36-37/cfg.yaml","182","d45afe99b176454d5aff416edf16c8da6a99579f8f374b927f37907442a7d6bc"
"README.md","2418","a5c327af2a969d743f3040be4a14b054e0e0e4382e3a62f20887b3c532b16200"
"reproduction/depth_evaluation_report/build_notebook.py","5309","d5f86f81096e14b0f4833cd1763dd3a5ce0af44f2904750fc33be602f4b56ff7"
"reproduction/depth_evaluation_report/build_report_artifact.py","21482","df0f3f05c84aefe919a2b7478e1d75a5ac4d119f4db49e594fef71c43175613b"
"reproduction/depth_evaluation_report/chart_data.json","3922","5ea7c5b0f84c51fc262a81e026129fc54c7482d5092d43df6af96ad1c0aee831"
"reproduction/depth_evaluation_report/depth_band_metrics.csv","736","b5d5e42e9329a422c99e55ba576c7e7b2ca0a3de26b910ab44e8c84192c0c8c4"
"reproduction/depth_evaluation_report/depth_evaluation_analysis.ipynb","1638672","81b4329525908a401db33e62177435fa9d17c23263dd20f382ecf9538fd05ae9"
"reproduction/depth_evaluation_report/depth_evaluation_analysis.py","27735","02b7f804e35787412d801fd8aca4c144615478338fd701fccb0007d12fb44bfb"
"reproduction/depth_evaluation_report/error_distribution.csv","330","636f279b3f03d7fa3c31dad29ee120fd130a2fb9f9a3f46fc1d930eb5d6cff58"
"reproduction/depth_evaluation_report/metrics_summary.json","10038","acaf4fe2f94479d19b8e948d7d79e52b47b510db7d30a0b39ea4f391310abb0d"
"reproduction/depth_evaluation_report/per_frame_metrics.csv","484","367df33515eb3860712a35c46a07085a2d7d68e5dc733d65b59e4b7d6602bd4e"
"reproduction/depth_evaluation_report/pointcloud_color_comparison.jpg","492921","cdeddd71446f08f8ba78ae420e0c5e8a3fe9e7bfefd47043ba61019d2aba2249"
"reproduction/depth_evaluation_report/qualitative_depth_comparison.jpg","721790","a2c4d3107c3d95650702d25821bab46c5179f87f3f5ccb564376b91e01285d23"
"reproduction/depth_evaluation_report/qualitative_detail_comparison.jpg","482658","ad8c494c177e3978e75958b1ef11a8dcd5065668a9a7379245cc6d67fe089c7c"
"reproduction/depth_evaluation_report/report.html","5060750","c8b68e833f72aa20c6cd4614f1594aee573ee38eb00770deb3e138f17a86dfe8"
"reproduction/depth_evaluation_report/source_notes.md","2743","018cae3c50b7a3689b39bf124d9d601eef627201a3ef01f67b775dc5289e141c"
"reproduction/sample_input/depth_mm/00000048.png","599409","38141d6930666c9b5c1ab66ba8ae757bd7b2f645d13f02c44a5bd14ce1109008"
"reproduction/sample_input/K.txt","84","2d02aaec90012d7a633eb2302418afa0e45649aab45b33c03ede4d30e4091329"
"reproduction/sample_input/left/00000048.png","567899","ab62cc915ca86c088cdf6975bea298016bb529492258290c79934846babb8fd1"
"reproduction/sample_input/metadata.csv","457","1abb08127d1b5f80ccea03fded67b68851c8fb45745db2da3ff364df5dbafae0"
"reproduction/sample_input/right/00000048.png","585067","325aa6d4b0253b6bbb01f3eb53fead6a36a2e073a55986c7120ab36146696c49"
"reproduction/sample_input/session.json","2388","4f037296886297c0803e2aaac9e877a04bfc83557c42ca5b593377e7f8d3c924"
"reproduction/sample_input/valid_mask/00000048.png","74429","5b28b9498ec2bf50df373d669d8158740f24fb5e0c7a200900b62a6cba64a183"
"reproduction/sample_output/disp_vis.png","557212","a89f42b6a19d68934b835d319fe7bfe1002d2b4d68ad73bcbc41ee573760019f"
"reproduction/sample_output/left.png","231109","8a993719d0a845518192c3eec0a630c5e24a2a4415d1e7347d3a4bd7e5c9d282"
"reproduction/sample_output/right.png","241634","c2c977bb3ce79042d2d86684261122b37f29423a377be1f834f3a665de5f4eea"
